"Qubit","T1 (us)","T2 (us)","Frequency (GHz)","Anharmonicity (GHz)","Readout assignment error ","Prob meas0 prep1 ","Prob meas1 prep0 ","Readout length (ns)","ID error ","Z-axis rotation (rz) error ","√x (sx) error ","Pauli-X error ","ECR error ","Gate time (ns)","Operational"
"0","311.0762708153929","132.3532051300489","4.635640833725591","-0.3132760394092362","0.014404296875","0.01025390625","0.0185546875","1216","0.0002026624843232473","0","0.0002026624843232473","0.0002026624843232473","","","true"
"1","382.0498685554231","365.5554809593298","4.73625943580684","-0.3129180725120383","0.0380859375","0.01708984375","0.05908203125","1216","0.00024098197727743736","0","0.00024098197727743736","0.00024098197727743736","1_0:0.0064273512912716435;1_2:0.0058407455333531755","1_0:533.3333333333333;1_2:533.3333333333333","true"
"2","228.29994176328057","168.76040570314134","4.8191261050001275","-0.3112951524093254","0.010986328125","0.005859375","0.01611328125","1216","0.00025987338787857776","0","0.00025987338787857776","0.00025987338787857776","","","true"
"3","342.30043262469695","356.51452594320625","4.747151117400624","-0.3111534699659636","0.021484375","0.0166015625","0.0263671875","1216","0.0004219969963825149","0","0.0004219969963825149","0.0004219969963825149","3_2:0.01055287755276868","3_2:533.3333333333333","true"
"4","408.003967251777","383.2675754240296","4.787872617729841","-0.31094540176555985","0.0341796875","0.009765625","0.05859375","1216","0.0003684119489540203","0","0.0003684119489540203","0.0003684119489540203","4_15:0.00606499063099547;4_3:0.005885279044761271","4_15:533.3333333333333;4_3:533.3333333333333","true"
"5","113.88133067137412","313.39481316694383","4.850826956379398","-0.31056606217183785","0.05224609375","0.06591796875","0.03857421875","1216","1","0","1","1","5_4:0.004126025080335882","5_4:533.3333333333333","true"
"6","237.40349651795418","140.97116397708703","4.899519854433154","-0.3090557835234433","0.06005859375","0.037109375","0.0830078125","1216","0.0002685032771279595","0","0.0002685032771279595","0.0002685032771279595","6_5:0.0037076009784919317","6_5:533.3333333333333","true"
"7","164.6261234600072","70.28039866462774","4.755938400620175","-0.31100390518358323","0.02783203125","0.0166015625","0.0390625","1216","0.0007474144916809877","0","0.0007474144916809877","0.0007474144916809877","7_6:0.009212820065618688;7_8:0.01247188674556482","7_6:533.3333333333333;7_8:533.3333333333333","true"
"8","394.1651058571488","17.282471331162924","4.812562576626058","-0.31334511346081884","0.068359375","0.04931640625","0.08740234375","1216","1","0","1","1","8_9:0.026719743064628987","8_9:533.3333333333333","true"
"9","291.84655218305363","55.00711042701931","4.637466129307075","-0.29264088813258476","0.06103515625","0.0390625","0.0830078125","1216","0.00024244077419062674","0","0.00024244077419062674","0.00024244077419062674","","","true"
"10","215.5407072104912","115.23492763469537","4.804408024824011","-0.31122742580861","0.007080078125","0.00927734375","0.0048828125","1216","0.0002754142093084603","0","0.0002754142093084603","0.0002754142093084603","10_9:0.02054146938437934;10_11:0.005786350145878305","10_9:533.3333333333333;10_11:533.3333333333333","true"
"11","298.31660296391","73.177055696467","4.7433179307865965","-0.31179417408967897","0.0087890625","0.00830078125","0.00927734375","1216","0.00026961862307957535","0","0.00026961862307957535","0.00026961862307957535","11_12:0.004658307485695068","11_12:533.3333333333333","true"
"12","450.0665233501965","415.2061512542196","4.625974058877739","-0.31372359565205904","0.045654296875","0.037109375","0.05419921875","1216","0.00018996005091401937","0","0.00018996005091401937","0.00018996005091401937","12_13:0.00383573905016521","12_13:533.3333333333333","true"
"13","303.8508515014283","254.02434071774465","4.5569883282594414","-0.31377871528415735","0.047119140625","0.017578125","0.07666015625","1216","0.00013955310593837558","0","0.00013955310593837558","0.00013955310593837558","","","true"
"14","262.62408162006733","77.18917382515815","4.510060406425405","-0.3157712274724498","0.031494140625","0.04345703125","0.01953125","1216","0.0003246150827023535","0","0.0003246150827023535","0.0003246150827023535","14_0:0.007948808509885996;14_18:0.014473540934795637","14_0:533.3333333333333;14_18:533.3333333333333","true"
"15","473.318692112023","469.4880344970333","4.598993523650054","-0.32044986829453664","0.108642578125","0.06884765625","0.1484375","1216","0.00036705989994474707","0","0.00036705989994474707","0.00036705989994474707","","","true"
"16","216.33600320896278","50.3968340493895","4.937425324169292","-0.3088315131283205","0.049560546875","0.04833984375","0.05078125","1216","0.0005404640363011093","0","0.0005404640363011093","0.0005404640363011093","16_8:0.01280836910158778","16_8:533.3333333333333","true"
"17","367.8896742624222","18.737652324842994","4.7527829436594615","-0.31153154230934604","0.02685546875","0.01904296875","0.03466796875","1216","0.00023941105428063367","0","0.00023941105428063367","0.00023941105428063367","17_12:0.004333507327602459;17_30:0.008062442224190558","17_12:590.2222222222222;17_30:590.2222222222222","true"
"18","65.29011553729471","17.906338140916116","4.659295600174191","-0.2892599847835004","0.046630859375","0.025390625","0.06787109375","1216","0.0008074509953115442","0","0.0008074509953115442","0.0008074509953115442","18_19:0.02380694937520772","18_19:533.3333333333333","true"
"19","349.06738334397494","134.23654695542734","4.820668854564662","-0.31198328628677313","0.048583984375","0.01953125","0.07763671875","1216","0.00024091426777371223","0","0.00024091426777371223","0.00024091426777371223","19_20:0.005174292994030216","19_20:533.3333333333333","true"
"20","372.0421111609746","70.22622487319076","4.738270280599408","-0.3119696404967832","0.03955078125","0.04541015625","0.03369140625","1216","0.00020634456220706672","0","0.00020634456220706672","0.00020634456220706672","20_33:0.011726463125771802","20_33:533.3333333333333","true"
"21","177.0297793887593","26.463576446223186","4.773862218764894","-0.3114254225761893","0.021728515625","0.02001953125","0.0234375","1216","0.00027255725851943946","0","0.00027255725851943946","0.00027255725851943946","21_20:0.012529700186564519;21_22:0.008253759722847254","21_20:533.3333333333333;21_22:803.5555555555555","true"
"22","309.8315331152173","185.38618680712773","4.668435640577501","-0.31331663183442576","0.015869140625","0.01904296875","0.0126953125","1216","0.0001904083239634263","0","0.0001904083239634263","0.0001904083239634263","22_15:0.00623147801972046","22_15:590.2222222222222","true"
"23","406.4221355860279","83.52169774559812","4.758092619870676","-0.31173856129806604","0.017333984375","0.0107421875","0.02392578125","1216","0.0001766803843907046","0","0.0001766803843907046","0.0001766803843907046","23_22:0.004919584160235357;23_24:0.015004913824772093","23_22:533.3333333333333;23_24:533.3333333333333","true"
"24","348.3745980298573","41.118669997295946","4.611464135594288","-0.31354982608399573","0.023681640625","0.015625","0.03173828125","1216","0.0003676486092066739","0","0.0003676486092066739","0.0003676486092066739","","","true"
"25","128.22047376571152","192.11706634966387","4.731588223167435","-0.3122550841543125","0.02099609375","0.021484375","0.0205078125","1216","0.00023688412217585716","0","0.00023688412217585716","0.00023688412217585716","25_24:0.008959760859346688","25_24:533.3333333333333","true"
"26","301.8520203752621","104.49874276591866","4.777327890927225","-0.31228117808626144","0.006591796875","0.0107421875","0.00244140625","1216","0.0007204076807684535","0","0.0007204076807684535","0.0007204076807684535","26_16:0.013940402685099051;26_25:0.01631489535220998;26_27:0.01234699655215521","26_16:533.3333333333333;26_25:533.3333333333333;26_27:533.3333333333333","true"
"27","329.3450905493765","157.16925214547229","4.680352540000476","-0.31282791406798793","0.012451171875","0.0185546875","0.00634765625","1216","0.0002183323180888065","0","0.0002183323180888065","0.0002183323180888065","","","true"
"28","222.17743196100196","59.8879383220089","4.742980340616234","-0.27186381179166696","0.028564453125","0.03125","0.02587890625","1216","0.005526070977945394","0","0.005526070977945394","0.005526070977945394","28_27:0.02892452931487055","28_27:533.3333333333333","true"
"29","238.00389202635904","159.3257866698358","4.7917260256722995","-0.32426284330226407","0.008544921875","0.01025390625","0.0068359375","1216","0.00017089948621006314","0","0.00017089948621006314","0.00017089948621006314","29_28:0.04087785025990598;29_30:0.005714225807140316","29_28:533.3333333333333;29_30:533.3333333333333","true"
"30","219.59746733085348","159.80765265857397","4.692918956213792","-0.3126801438234927","0.01708984375","0.01953125","0.0146484375","1216","0.00046604462216576144","0","0.00046604462216576144","0.00046604462216576144","","","true"
"31","231.23125974878005","33.676505840280576","5.057535271202549","-0.3070059221402992","0.01220703125","0.01025390625","0.01416015625","1216","0.0006535334913868714","0","0.0006535334913868714","0.0006535334913868714","31_30:0.016247936206662372;31_32:0.01589663025064103","31_30:533.3333333333333;31_32:533.3333333333333","true"
"32","193.33625099072475","241.36352686305682","4.929965558789886","-0.30828223495463736","0.038330078125","0.0263671875","0.05029296875","1216","0.00037316186150908185","0","0.00037316186150908185","0.00037316186150908185","32_36:0.012285271837054412","32_36:533.3333333333333","true"
"33","370.70111948787417","316.1269336149683","4.677461681486635","-0.3137282279838826","0.01416015625","0.01123046875","0.01708984375","1216","0.00046289921687891203","0","0.00046289921687891203","0.00046289921687891203","33_39:0.013494049086862137","33_39:533.3333333333333","true"
"34","138.246876538237","78.71057892744656","4.710462025957955","-0.28769666514137593","0.124267578125","0.10498046875","0.1435546875","1216","0.001012184039381514","0","0.001012184039381514","0.001012184039381514","34_24:0.013251678311470505","34_24:533.3333333333333","true"
"35","198.39202299018075","57.55258487234765","4.9145252923416125","-0.30919638014483275","0.01123046875","0.01171875","0.0107421875","1216","0.00021350572954303892","0","0.00021350572954303892","0.00021350572954303892","35_28:0.03878285671014292;35_47:0.004532366881003169","35_28:533.3333333333333;35_47:533.3333333333333","true"
"36","258.6349925389297","70.30033802281669","4.853999944490702","-0.31028310857915326","0.01806640625","0.01123046875","0.02490234375","1216","0.0002036014111314615","0","0.0002036014111314615","0.0002036014111314615","36_51:0.004004079501585989","36_51:533.3333333333333","true"
"37","482.93269936237226","38.72245368582749","4.593826750950745","-0.315389846608389","0.0576171875","0.05615234375","0.05908203125","1216","0.0004174658639402334","0","0.0004174658639402334","0.0004174658639402334","37_38:0.012619802848529094","37_38:533.3333333333333","true"
"38","523.7172280727261","113.43235766792705","4.485832688643985","-0.31593779214327095","0.029052734375","0.02392578125","0.0341796875","1216","0.00028567989175141495","0","0.00028567989175141495","0.00028567989175141495","38_39:0.00785530379953775","38_39:533.3333333333333","true"
"39","476.0310530115705","116.58893420826774","4.574225139817634","-0.3140308325815774","0.0458984375","0.03369140625","0.05810546875","1216","0.0002584661872859548","0","0.0002584661872859548","0.0002584661872859548","","","true"
"40","295.4726205923277","232.7093643264","4.705507472545954","-0.31264268217270236","0.015380859375","0.00732421875","0.0234375","1216","0.00026488264961433046","0","0.00026488264961433046","0.00026488264961433046","40_39:0.006711058368502776","40_39:590.2222222222222","true"
"41","285.82632583561355","438.9750395743475","4.814564206675391","-0.3126369186509598","0.007080078125","0.0068359375","0.00732421875","1216","0.00023334045597650784","0","0.00023334045597650784","0.00023334045597650784","41_40:0.010415249584393826;41_53:0.005113412131858119","41_40:533.3333333333333;41_53:533.3333333333333","true"
"42","375.46578850620824","495.32861748499124","4.654678199157727","-0.3142873185900896","0.03125","0.03759765625","0.02490234375","1216","0.0002532611599419892","0","0.0002532611599419892","0.0002532611599419892","42_41:0.007105548161316699","42_41:533.3333333333333","true"
"43","197.94608013558462","134.34920402614958","4.755137078156646","-0.31327741535760273","0.016357421875","0.01611328125","0.0166015625","1216","0.00027071788301207895","0","0.00027071788301207895","0.00027071788301207895","43_34:0.015991180032923102;43_42:0.013515483755137392;43_44:0.007252078511792048","43_34:533.3333333333333;43_42:533.3333333333333;43_44:533.3333333333333","true"
"44","307.3470425570905","213.31808343039737","4.86810208667521","-0.3104963912007421","0.007568359375","0.00732421875","0.0078125","1216","0.000340054430073526","0","0.000340054430073526","0.000340054430073526","","","true"
"45","296.6110230183564","300.276728670828","4.7628473510307305","-0.3110511707571012","0.10400390625","0.201171875","0.0068359375","1216","0.00022615349295741413","0","0.00022615349295741413","0.00022615349295741413","45_46:0.008517532796636695;45_44:0.00746919875405927","45_46:533.3333333333333;45_44:533.3333333333333","true"
"46","471.55433366891464","66.47465512496215","4.674020964386639","-0.31335055063587447","0.01806640625","0.01220703125","0.02392578125","1216","0.00026103593785032015","0","0.00026103593785032015","0.00026103593785032015","","","true"
"47","379.42430648592983","203.51895363958806","4.795132713324669","-0.31225140541662605","0.0087890625","0.01220703125","0.00537109375","1216","0.00011267628181826766","0","0.00011267628181826766","0.00011267628181826766","47_48:0.004074190499301578;47_46:0.008202673526613469","47_48:533.3333333333333;47_46:533.3333333333333","true"
"48","383.4883397676476","378.3596184504397","4.707258314162427","-0.31164980062742437","0.026611328125","0.03662109375","0.0166015625","1216","0.0002497057944849761","0","0.0002497057944849761","0.0002497057944849761","","","true"
"49","279.95668131166866","210.45222608664724","4.810794362156081","-0.31113135217025384","0.01025390625","0.00927734375","0.01123046875","1216","0.00018415563345130365","0","0.00018415563345130365","0.00018415563345130365","49_48:0.004733072779206815;49_50:0.0045801100246049","49_48:533.3333333333333;49_50:590.2222222222222","true"
"50","259.1150752743155","201.7664912858137","4.879013190048183","-0.3096877134937021","0.009765625","0.01171875","0.0078125","1216","0.00018364760272213693","0","0.00018364760272213693","0.00018364760272213693","50_51:0.00747102194925553","50_51:341.3333333333333","true"
"51","445.3585416466687","505.1046487485962","4.767360599077379","-0.31093959212206534","0.012939453125","0.015625","0.01025390625","1216","0.00014949380896046567","0","0.00014949380896046567","0.00014949380896046567","","","true"
"52","106.24371349403596","17.644345028806917","4.854928897060163","-0.30959763676674124","0.084228515625","0.04248046875","0.1259765625","1216","0.0009722745010399652","0","0.0009722745010399652","0.0009722745010399652","52_37:0.025413716539952058","52_37:533.3333333333333","true"
"53","204.4852900505335","289.3066626069169","4.767756460678756","-0.3105625096653012","0.018798828125","0.009765625","0.02783203125","1216","0.0003283551110379974","0","0.0003283551110379974","0.0003283551110379974","53_60:0.006375886233204731","53_60:533.3333333333333","true"
"54","368.83537925156935","54.61338270741864","4.82158248984198","-0.310411116462148","0.027099609375","0.033203125","0.02099609375","1216","0.00014201633055243543","0","0.00014201633055243543","0.00014201633055243543","54_45:0.005064999986611307","54_45:533.3333333333333","true"
"55","255.84084828838547","411.3954115717249","4.907427571507492","-0.3099926060240599","0.0068359375","0.0068359375","0.0068359375","1216","0.00019285233292928947","0","0.00019285233292928947","0.00019285233292928947","55_49:0.01923264349200504","55_49:533.3333333333333","true"
"56","518.9844621852117","10.681608770499302","4.455280719207545","-0.31803803916063483","0.197998046875","0.0693359375","0.32666015625","1216","0.0010088378702771297","0","0.0010088378702771297","0.0010088378702771297","56_57:1;56_52:1","56_57:768;56_52:881.7777777777777","true"
"57","301.8929522916314","8.328662647975294","4.834695152620622","-0.31001546755225406","0.177734375","0.11865234375","0.23681640625","1216","1","0","1","1","57_58:0.0765043218445185","57_58:533.3333333333333","true"
"58","457.126492656943","95.47016992340467","4.708835418756495","-0.31366733324274093","0.01025390625","0.01171875","0.0087890625","1216","0.00019865945106390263","0","0.00019865945106390263","0.00019865945106390263","","","true"
"59","198.36210288855747","268.51919300847374","4.810879591543777","-0.3102363990787504","0.046630859375","0.01513671875","0.078125","1216","0.0003042050675400343","0","0.0003042050675400343","0.0003042050675400343","59_58:0.0068661791906249325;59_60:0.008094909406402728","59_58:533.3333333333333;59_60:533.3333333333333","true"
"60","328.2274658727427","382.0883671499177","4.672413796562997","-0.31324002018211905","0.0068359375","0.00927734375","0.00439453125","1216","0.0001763077850671869","0","0.0001763077850671869","0.0001763077850671869","","","true"
"61","349.7871333802361","356.1855492845816","4.901570844284981","-0.30995863458067757","0.014404296875","0.01025390625","0.0185546875","1216","0.00023620101972205934","0","0.00023620101972205934","0.00023620101972205934","61_60:0.00531246922965517;61_62:0.005217183726023755","61_60:533.3333333333333;61_62:533.3333333333333","true"
"62","366.5153423773377","372.51097900569806","4.771228495209157","-0.3109932039506031","0.017333984375","0.01416015625","0.0205078125","1216","0.0002247032541021467","0","0.0002247032541021467","0.0002247032541021467","","","true"
"63","218.47552593390483","101.74542982071821","4.994847753516892","-0.308453762666027","0.013916015625","0.00927734375","0.0185546875","1216","0.00019805647973988392","0","0.00019805647973988392","0.00019805647973988392","63_62:0.008583656016769803;63_64:0.006708466721837281","63_62:533.3333333333333;63_64:533.3333333333333","true"
"64","272.4773705770421","157.1652134309757","4.8789240126192945","-0.31051183745857736","0.0498046875","0.05078125","0.048828125","1216","1","0","1","1","64_54:0.006521734505902987;64_65:0.008695384622013136","64_54:533.3333333333333;64_65:533.3333333333333","true"
"65","295.1337094506104","253.44765407590688","4.758085115186187","-0.31051573933044047","0.0517578125","0.04443359375","0.05908203125","1216","0.00039657635525045594","0","0.00039657635525045594","0.00039657635525045594","","","true"
"66","338.99039753456606","456.3112075790895","4.809614900050917","-0.3109248312518322","0.076904296875","0.13134765625","0.0224609375","1216","0.0004821945061037374","0","0.0004821945061037374","0.0004821945061037374","66_65:0.010350810523335474","66_65:533.3333333333333","true"
"67","309.4772076422411","352.941566057108","4.893014178018498","-0.31039200176040205","0.008544921875","0.0107421875","0.00634765625","1216","0.00016937463377052488","0","0.00016937463377052488","0.00016937463377052488","67_66:0.00884369034757626","67_66:533.3333333333333","true"
"68","271.01536865682226","170.98569723104478","4.741283248806403","-0.31180260683390987","0.010498046875","0.0126953125","0.00830078125","1216","0.00013338361496251106","0","0.00013338361496251106","0.00013338361496251106","68_67:0.006387345032003999;68_55:0.007821158150064067","68_67:533.3333333333333;68_55:533.3333333333333","true"
"69","402.3184500474527","32.92780110216097","4.837436742738081","-0.30965408980565917","0.009521484375","0.01025390625","0.0087890625","1216","0.00019705062707169822","0","0.00019705062707169822","0.00019705062707169822","69_68:0.009603694556301279;69_70:0.008527519416697216","69_68:533.3333333333333;69_70:533.3333333333333","true"
"70","177.3041083273663","262.68121567571","4.708539844009745","-0.31145025923177105","0.00537109375","0.0068359375","0.00390625","1216","0.00013603515313783895","0","0.00013603515313783895","0.00013603515313783895","","","true"
"71","249.93320220372993","143.05800917729547","4.846325845753457","-0.3101101834347441","0.01953125","0.015625","0.0234375","1216","0.00020410587870106346","0","0.00020410587870106346","0.00020410587870106346","71_58:0.006824678093566405;71_77:0.0096870259948581","71_58:533.3333333333333;71_77:533.3333333333333","true"
"72","278.08487655970816","258.8801883105666","4.874551007616654","-0.30919743263741656","0.06396484375","0.08154296875","0.04638671875","1216","0.00043301352080076763","0","0.00043301352080076763","0.00043301352080076763","72_62:0.009415544409035304","72_62:533.3333333333333","true"
"73","270.3791068024949","160.6684624519752","4.87479241990176","-0.3102390852422053","0.01123046875","0.00732421875","0.01513671875","1216","0.00014144528418489713","0","0.00014144528418489713","0.00014144528418489713","73_85:0.006432859865768692;73_66:0.01795561751547481","73_85:533.3333333333333;73_66:533.3333333333333","true"
"74","269.989744259643","321.2270195711618","4.814360279455924","-0.31129790243600725","0.0029296875","0.0048828125","0.0009765625","1216","0.00028704407750468385","0","0.00028704407750468385","0.00028704407750468385","74_70:0.007237341929306529","74_70:533.3333333333333","true"
"75","298.9343941575937","199.62530753981005","4.76902207736427","-0.31042690020941655","0.046875","0.0537109375","0.0400390625","1216","0.0003248142277203802","0","0.0003248142277203802","0.0003248142277203802","75_76:0.006061940603892979","75_76:533.3333333333333","true"
"76","389.20347004456283","119.84630671322681","4.702019980323729","-0.31291705661427394","0.0146484375","0.0087890625","0.0205078125","1216","0.00011626783540031233","0","0.00011626783540031233","0.00011626783540031233","","","true"
"77","199.329620238126","182.0275712238289","4.80652593991055","-0.3107912307043456","0.010009765625","0.0126953125","0.00732421875","1216","0.0010046364997698429","0","0.0010046364997698429","0.0010046364997698429","77_76:0.007549275444324988","77_76:533.3333333333333","true"
"78","252.41221755471375","329.89364528434953","4.861096794073219","-0.30955241234604897","0.018798828125","0.01708984375","0.0205078125","1216","0.00016175670815925578","0","0.00016175670815925578","0.00016175670815925578","78_77:0.02910679164508101;78_79:0.007826912217642645","78_77:533.3333333333333;78_79:533.3333333333333","true"
"79","325.3124246718621","25.652875211544597","4.7860638626146965","-0.31151163662354525","0.010498046875","0.0146484375","0.00634765625","1216","0.00022043780646607662","0","0.00022043780646607662","0.00022043780646607662","79_91:0.010562631086512675","79_91:533.3333333333333","true"
"80","165.24056383426648","194.7573816407268","5.042758256287884","-0.3079238440194016","0.00830078125","0.00634765625","0.01025390625","1216","0.00018242253403265022","0","0.00018242253403265022","0.00018242253403265022","80_81:0.010270527649322347;80_79:0.010396803884474948","80_81:533.3333333333333;80_79:533.3333333333333","true"
"81","53.259738660676746","44.554143069578025","4.9613990088506466","-0.30881300331410194","0.00439453125","0.00537109375","0.00341796875","1216","0.00041802068181199186","0","0.00041802068181199186","0.00041802068181199186","81_82:0.012059444654431706;81_72:0.01705092068500269","81_82:533.3333333333333;81_72:533.3333333333333","true"
"82","364.8717277052952","250.24340046419374","4.815087623228987","-0.31103172317325406","0.005126953125","0.00732421875","0.0029296875","1216","0.0001405740073282731","0","0.0001405740073282731","0.0001405740073282731","82_83:0.0031233179709128644","82_83:533.3333333333333","true"
"83","374.23506206870803","51.780027848239456","4.737881813126222","-0.31352595557444946","0.023681640625","0.01318359375","0.0341796875","1216","0.00016887890186162167","0","0.00016887890186162167","0.00016887890186162167","83_84:0.006142005092272529","83_84:533.3333333333333","true"
"84","440.5115034167316","231.22222913376814","4.666027050466203","-0.3133527023161981","0.031982421875","0.02294921875","0.041015625","1216","0.00021179814411530977","0","0.00021179814411530977","0.00021179814411530977","","","true"
"85","342.4944556064843","164.80381262691688","4.745278638138953","-0.3119683812702387","0.033935546875","0.02783203125","0.0400390625","1216","0.00019836870179951082","0","0.00019836870179951082","0.00019836870179951082","85_84:0.006255982935379101","85_84:533.3333333333333","true"
"86","184.0361330303013","180.44365021665","4.889915356282848","-0.30913746648321616","0.022705078125","0.0400390625","0.00537109375","1216","0.0007018954049158613","0","0.0007018954049158613","0.0007018954049158613","86_85:0.013216540228113915;86_87:0.006592784227098913","86_85:533.3333333333333;86_87:533.3333333333333","true"
"87","313.38898693547156","102.58931993993328","4.82440972884077","-0.3099624961358293","0.010986328125","0.00927734375","0.0126953125","1216","0.00013928402139932571","0","0.00013928402139932571","0.00013928402139932571","87_88:0.007936565361223835","87_88:533.3333333333333","true"
"88","255.06057349018903","110.30376230870094","4.689560778219789","-0.3191806929563948","0.01318359375","0.013671875","0.0126953125","1216","0.00028488389559296317","0","0.00028488389559296317","0.00028488389559296317","","","true"
"89","294.7908845316474","252.56475393623555","4.9479466481174","-0.30883270351675324","0.020751953125","0.01318359375","0.0283203125","1216","0.00023856755017295677","0","0.00023856755017295677","0.00023856755017295677","89_88:0.007626754541681546;89_74:0.006732976920929112","89_88:533.3333333333333;89_74:533.3333333333333","true"
"90","264.3463770303581","218.01361909908977","4.803094939666782","-0.3102348928876509","0.0107421875","0.01220703125","0.00927734375","1216","0.0009158027336612085","0","0.0009158027336612085","0.0009158027336612085","90_94:0.008100485462176565;90_75:0.015313098998530783","90_94:533.3333333333333;90_75:533.3333333333333","true"
"91","105.57845697421308","104.09132120129945","4.893171796714338","-0.30983443429771806","0.0078125","0.01171875","0.00390625","1216","0.00023152097405789495","0","0.00023152097405789495","0.00023152097405789495","","","true"
"92","279.2811505707686","237.92791031602587","4.827698736877466","-0.3103693565337272","0.025634765625","0.01171875","0.03955078125","1216","0.00026045456290917145","0","0.00026045456290917145","0.00026045456290917145","92_83:0.006124908887015945;92_102:0.011694058616567193","92_83:533.3333333333333;92_102:533.3333333333333","true"
"93","211.69400836838943","56.884202307183934","4.9104440395647755","-0.30921828977226556","0.007568359375","0.0068359375","0.00830078125","1216","0.0003793171751686708","0","0.0003793171751686708","0.0003793171751686708","93_106:0.014427890054830972;93_87:0.010545936891581897","93_106:533.3333333333333;93_87:533.3333333333333","true"
"94","244.5838837460152","332.8926892779199","4.7197377033941565","-0.3121150063159316","0.010498046875","0.0126953125","0.00830078125","1216","0.00014614706212244102","0","0.00014614706212244102","0.00014614706212244102","","","true"
"95","355.6598675255425","170.3612765359717","4.802313642756004","-0.3113439855731095","0.008544921875","0.01025390625","0.0068359375","1216","0.0004308902710718725","0","0.0004308902710718725","0.0004308902710718725","95_94:0.006328500370733403;95_96:0.012561418050812623","95_94:533.3333333333333;95_96:533.3333333333333","true"
"96","123.63657027702817","118.8954593308894","4.852635677957398","-0.3071950533738793","0.010986328125","0.0166015625","0.00537109375","1216","0.0008197869828068029","0","0.0008197869828068029","0.0008197869828068029","","","true"
"97","238.1400173425304","256.00092109702445","4.949952548455741","-0.3087084614989645","0.017822265625","0.00830078125","0.02734375","1216","0.00018100167267082464","0","0.00018100167267082464","0.00018100167267082464","97_96:0.008248505299531639;97_98:0.005536544219980899","97_96:533.3333333333333;97_98:533.3333333333333","true"
"98","334.1191916147734","233.34362190173317","4.774668109647656","-0.31129479497146767","0.025634765625","0.02587890625","0.025390625","1216","0.0002220921474871075","0","0.0002220921474871075","0.0002220921474871075","98_91:0.009245322596316052","98_91:533.3333333333333","true"
"99","304.9758539803978","218.54882601703517","4.832453110279501","-0.3102128571403012","0.01318359375","0.01025390625","0.01611328125","1216","0.00021845704124210343","0","0.00021845704124210343","0.00021845704124210343","99_100:0.007657807932276273;99_98:0.007663006656801474","99_100:533.3333333333333;99_98:533.3333333333333","true"
"100","265.1487362639523","285.3995617361362","4.648618859829437","-0.31432473968171126","0.007568359375","0.0068359375","0.00830078125","1216","0.00031124321729448785","0","0.00031124321729448785","0.00031124321729448785","","","true"
"101","213.21586664284604","72.35569417364067","4.844085348341677","-0.31062354929050423","0.009521484375","0.01025390625","0.0087890625","1216","0.0002186422147695017","0","0.0002186422147695017","0.0002186422147695017","101_100:0.0060691120346864635;101_102:0.006910614809844673","101_100:533.3333333333333;101_102:533.3333333333333","true"
"102","204.85164766012792","176.6161922041682","4.786654241299284","-0.31093198650261733","0.05419921875","0.05322265625","0.05517578125","1216","0.0002551088090903764","0","0.0002551088090903764","0.0002551088090903764","102_103:0.007756833890254555","102_103:533.3333333333333","true"
"103","269.490072416383","136.47586644397748","4.694680313275072","-0.31225904514446806","0.006591796875","0.00537109375","0.0078125","1216","0.00020879384843208547","0","0.00020879384843208547","0.00020879384843208547","","","true"
"104","217.21228877743698","222.36118671217835","4.78380447468879","-0.3122310065044028","0.0263671875","0.0439453125","0.0087890625","1216","0.00027603379246535545","0","0.00027603379246535545","0.00027603379246535545","104_103:0.006914257322750361","104_103:533.3333333333333","true"
"105","254.53365961882656","33.586664518484945","4.883440225499363","-0.30991690927064675","0.01171875","0.013671875","0.009765625","1216","0.0001954168649303157","0","0.0001954168649303157","0.0001954168649303157","105_104:0.006957314941631154","105_104:533.3333333333333","true"
"106","239.52271262339238","260.2593116937413","4.7747477494085775","-0.31270542930455303","0.01953125","0.0234375","0.015625","1216","0.00015808208093302036","0","0.00015808208093302036","0.00015808208093302036","106_105:0.0054100983037355665","106_105:533.3333333333333","true"
"107","201.2366185283743","184.45183758097394","4.985851293149908","-0.307441695251335","0.0126953125","0.01513671875","0.01025390625","1216","0.00023417343014717562","0","0.00023417343014717562","0.00023417343014717562","107_106:0.007535163699910086;107_108:0.008226429984283634","107_106:533.3333333333333;107_108:533.3333333333333","true"
"108","217.04134335018117","106.81585332148597","4.857636547961803","-0.3093687563471741","0.008056640625","0.0107421875","0.00537109375","1216","0.0004333236650366968","0","0.0004333236650366968","0.0004333236650366968","","","true"
"109","274.8688192574681","357.3380016076343","4.794027358569119","-0.3098231211288872","0.02783203125","0.02978515625","0.02587890625","1216","0.00020243636403408305","0","0.00020243636403408305","0.00020243636403408305","109_96:0.009460267539811273","109_96:533.3333333333333","true"
"110","175.74909666563244","211.89669089478394","4.834499422518956","-0.30953885962680133","0.00537109375","0.005859375","0.0048828125","1216","0.00020716985357831542","0","0.00020716985357831542","0.00020716985357831542","110_118:0.020832235732385296;110_100:0.007334634929465733","110_118:533.3333333333333;110_100:533.3333333333333","true"
"111","162.33107627456533","254.10856254043898","4.899666946406141","-0.30966196143120256","0.005126953125","0.0068359375","0.00341796875","1216","0.0002475918104680378","0","0.0002475918104680378","0.0002475918104680378","111_104:0.008255428143454535","111_104:533.3333333333333","true"
"112","181.2210205288108","80.99760925226768","4.931286652365694","-0.30828010772706876","0.01806640625","0.02099609375","0.01513671875","1216","0.00020980591369851065","0","0.00020980591369851065","0.00020980591369851065","112_108:0.006594419146914776;112_126:0.008258590890719342","112_108:533.3333333333333;112_126:533.3333333333333","true"
"113","239.6646552053435","66.40127768440013","4.96364284698139","-0.3084394283671576","0.00390625","0.00439453125","0.00341796875","1216","0.00018877926192456643","0","0.00018877926192456643","0.00018877926192456643","113_114:0.0053842287382268594","113_114:533.3333333333333","true"
"114","260.6912549616081","274.589462051342","4.884531729934148","-0.30934321871293896","0.01171875","0.00732421875","0.01611328125","1216","0.00019004426875506115","0","0.00019004426875506115","0.00019004426875506115","114_109:0.006473247407388305;114_115:0.008107193328418527","114_109:533.3333333333333;114_115:533.3333333333333","true"
"115","392.4464606820817","291.14386300373354","4.7429808968231395","-0.3109775593036345","0.047607421875","0.01416015625","0.0810546875","1216","0.0001159456694744144","0","0.0001159456694744144","0.0001159456694744144","","","true"
"116","351.49483812060066","428.2460618294758","4.9312779743175374","-0.30852099993985993","0.012939453125","0.009765625","0.01611328125","1216","0.00013990904820454495","0","0.00013990904820454495","0.00013990904820454495","116_115:0.004256732824452325","116_115:533.3333333333333","true"
"117","242.90649980199916","207.30966001110866","4.793034625771984","-0.3108430479754478","0.01416015625","0.01708984375","0.01123046875","1216","0.0009609076689684758","0","0.0009609076689684758","0.0009609076689684758","117_116:0.013080229768353713;117_118:0.02521192257529392","117_116:533.3333333333333;117_118:533.3333333333333","true"
"118","254.27329268761346","330.4599813844882","4.737486649138432","-0.31213784976055814","0.01611328125","0.0263671875","0.005859375","1216","0.0006228877504851046","0","0.0006228877504851046","0.0006228877504851046","","","true"
"119","273.71276853726965","147.85395986341507","4.7926156876267045","-0.3115006149023877","0.009765625","0.00927734375","0.01025390625","1216","0.0005241671168926552","0","0.0005241671168926552","0.0005241671168926552","119_118:0.031732993767628614;119_120:0.007813485793020825","119_118:533.3333333333333;119_120:533.3333333333333","true"
"120","298.29904078842407","275.623315860873","4.8878571380731","-0.30954720593807233","0.009765625","0.009765625","0.009765625","1216","0.00015605304763681465","0","0.00015605304763681465","0.00015605304763681465","120_121:0.005584946038289185","120_121:533.3333333333333","true"
"121","275.8631863937089","46.94466670181041","4.847680112207186","-0.31085098125216193","0.012451171875","0.0126953125","0.01220703125","1216","0.00017125444257286017","0","0.00017125444257286017","0.00017125444257286017","121_122:0.00539704378522643","121_122:533.3333333333333","true"
"122","325.61110948227264","168.0727632857983","4.7315601655942245","-0.31159801750313826","0.00830078125","0.0107421875","0.005859375","1216","0.0001588824851812785","0","0.0001588824851812785","0.0001588824851812785","122_111:0.010819317350867219","122_111:533.3333333333333","true"
"123","223.52911790894117","247.9021846597495","4.820592866221299","-0.310311785682582","0.007080078125","0.0068359375","0.00732421875","1216","0.00018580244384946266","0","0.00018580244384946266","0.00018580244384946266","123_122:0.00517521336795429","123_122:533.3333333333333","true"
"124","196.33354551101777","207.22920680357248","4.881321188884541","-0.3092081732598848","0.0068359375","0.0078125","0.005859375","1216","0.00020781969292102217","0","0.00020781969292102217","0.00020781969292102217","124_123:0.006297108600659629","124_123:533.3333333333333","true"
"125","204.20926043478667","37.29082879302337","4.977388022094562","-0.30775761323383166","0.007080078125","0.0068359375","0.00732421875","1216","0.0001556329690516391","0","0.0001556329690516391","0.0001556329690516391","125_124:0.006405205624480603","125_124:533.3333333333333","true"
"126","191.04766095075806","80.6129342459564","4.831248061705369","-0.3093005432479466","0.0185546875","0.01904296875","0.01806640625","1216","0.0002276757743535485","0","0.0002276757743535485","0.0002276757743535485","126_125:0.0056398043972691325","126_125:533.3333333333333","true"